<?xml version="1.0" encoding="UTF-8"?> 
<beans xmlns="http://www.springframework.org/schema/beans"  
	xmlns:mvc="http://www.springframework.org/schema/mvc" 
    xmlns:xsi="http://www.w3.org/2001/XMLSchema-instance" 
    xmlns:p="http://www.springframework.org/schema/p"  
    xmlns:context="http://www.springframework.org/schema/context"
    xmlns:mongo="http://www.springframework.org/schema/data/mongo"  
    
    xsi:schemaLocation="
       	http://www.springframework.org/schema/mvc   
        http://www.springframework.org/schema/mvc/spring-mvc-3.0.xsd  
    
    	http://www.springframework.org/schema/context   
        http://www.springframework.org/schema/context/spring-context.xsd 
        
       	http://www.springframework.org/schema/beans 
        http://www.springframework.org/schema/beans/spring-beans-3.0.xsd   
        
       	
       	http://www.springframework.org/schema/data/mongo  
       	http://www.springframework.org/schema/data/mongo/spring-mongo.xsd">  
       	
<!--     <context:property-placeholder location="classpath:conf/application.properties"/> -->
	<context:property-placeholder location="classpath:application.properties"/>    
    
    <!-- 定义mongo对象，对应的是mongodb官方jar包中的Mongo，replica-set设置集群副本的ip地址和端口 -->  
    <mongo:mongo-client id="mongo" replica-set="${mongodb.replica-set}">  
        <mongo:client-options 
             connections-per-host="${mongo.connectionsPerHost}"  
             threads-allowed-to-block-for-connection-multiplier="${mongo.threadsAllowedToBlockForConnectionMultiplier}"  
             connect-timeout="${mongo.connectTimeout}"  
             max-wait-time="${mongo.maxWaitTime}"  
             socket-keep-alive="${mongo.socketKeepAlive}"  
             socket-timeout="${mongo.socketTimeout}"  />          
    </mongo:mongo-client>   
  
    <!-- Specify the database to use -->
    <mongo:db-factory dbname="common" mongo-ref="mongo"/>  
  

   <bean id="mappingContext"  
    class="org.springframework.data.mongodb.core.mapping.MongoMappingContext" />  
   
  <bean id="defaultMongoTypeMapper"  
    class="org.springframework.data.mongodb.core.convert.DefaultMongoTypeMapper">  
    <constructor-arg name="typeKey"><null/></constructor-arg>  
 </bean>  
   
 <bean id="mappingMongoConverter"  
    class="org.springframework.data.mongodb.core.convert.MappingMongoConverter">  
    <constructor-arg name="mongoDbFactory" ref="mongoDbFactory" />  
    <constructor-arg name="mappingContext" ref="mappingContext" />  
    <property name="typeMapper" ref="defaultMongoTypeMapper" />  
 </bean>  
   
   
  
 <!--  <mongo:mapping-converter>
  <mongo:custom-converters>
    <mongo:converter>
      <bean class="cn.ce.MyConventer"/>
    </mongo:converter>
  </mongo:custom-converters>
</mongo:mapping-converter> -->
    
    <!-- mongodb的主要操作对象，所有对mongodb的增删改查的操作都是通过它完成 -->  
    <bean id="mongoTemplate" class="org.springframework.data.mongodb.core.MongoTemplate">
        <constructor-arg name="mongoDbFactory" ref="mongoDbFactory"/>
        <constructor-arg name="mongoConverter" ref="mappingMongoConverter"/>
    </bean>
    
    

      
    <!-- 映射转换器，扫描back-package目录下的文件，根据注释，把它们作为mongodb的一个collection的映射 -->  
    <mongo:mapping-converter base-package="cn.ce" />  
      
    <!-- mongodb bean的仓库目录，会自动扫描扩展了MongoRepository接口的接口进行注入 -->  
    <mongo:repositories base-package="cn.ce"/>  
  
    <!-- To translate any MongoExceptions thrown in @Repository annotated classes -->  
    <context:annotation-config />  
      
</beans>  