<?xml version="1.0" encoding="UTF-8"?>  
<beans xmlns="http://www.springframework.org/schema/beans"  
    xmlns:xsi="http://www.w3.org/2001/XMLSchema-instance"  
    xmlns:p="http://www.springframework.org/schema/p"  
    xmlns:context="http://www.springframework.org/schema/context"  
    xmlns:mvc="http://www.springframework.org/schema/mvc"  
    xsi:schemaLocation="http://www.springframework.org/schema/mvc   
        http://www.springframework.org/schema/mvc/spring-mvc-3.0.xsd  
        http://www.springframework.org/schema/beans http://www.springframework.org/schema/beans/spring-beans-3.0.xsd  
        http://www.springframework.org/schema/context http://www.springframework.org/schema/context/spring-context-3.0.xsd">  
      
    <!-- Activates various annotations to be detected in bean classes -->  
    <context:annotation-config />  
      
    <!-- Scans the classpath for annotated components that will be auto-registered as Spring beans.For example @Controller and @Service . Make sure to set the correct base-package-->  
    <context:component-scan base-package="cn.ce.*" />   
      
    <!-- Configures the annotation-driven Spring MVC Controller programming model.Note that, with Spring 3.0, this tag works in Servlet MVC only!  -->  
    <mvc:annotation-driven />

    <!-- Loads MongoDB configuraton -->  
    <import resource="mongo-config.xml"/>   

    <!-- 读取properties -->
  	<bean id="propertyConfigurer" class="org.springframework.beans.factory.config.PropertyPlaceholderConfigurer" >
        <property name="ignoreUnresolvablePlaceholders" value="true" />
        <property name="locations">
            <list>
                <value>classpath:mongodb.properties</value>
            </list>
        </property>
    </bean>
    
     
</beans>